id,CityEnglish,CityPinyan,CityAvgAQI,SitePinyan,AQI,PM2_5,PM10,CO,NO2,SO2,O3_1h,O3_8h,AQI_qualitative,Date,Hours
18,beijing,北京,154,万寿西宫,155,118,139,1.4,0,2,2,91,中度污染,2015-09-16,0
19,beijing,北京,154,东四,160,122,149,1.3,113,9,45,128,中度污染,2015-09-16,0
20,beijing,北京,154,农展馆,153,117,121,1.3,123,9,48,123,中度污染,2015-09-16,0
21,beijing,北京,154,古城,144,110,136,1.1,59,2,13,84,轻度污染,2015-09-16,0
22,beijing,北京,154,天坛,133,101,123,1.4,111,5,2,99,轻度污染,2015-09-16,0
23,beijing,北京,154,奥体中心,163,124,153,1.9,191,2,3,125,中度污染,2015-09-16,0
24,beijing,北京,154,官园,144,110,127,1.2,72,6,52,137,轻度污染,2015-09-16,0
25,beijing,北京,154,定陵,135,103,116,0.9,25,3,100,122,轻度污染,2015-09-16,0
26,beijing,北京,154,怀柔镇,143,109,0,1.1,11,3,132,178,轻度污染,2015-09-16,0
27,beijing,北京,154,昌平镇,142,108,0,1.1,31,4,125,162,轻度污染,2015-09-16,0
28,beijing,北京,154,海淀区万柳,155,118,164,1.4,137,4,2,80,中度污染,2015-09-16,0
29,beijing,北京,154,顺义新城,220,170,179,2,121,2,2,107,重度污染,2015-09-16,0
963,beijing,北京,153,万寿西宫,149,114,121,1.3,0,2,4,65,轻度污染,2015-09-16,1
964,beijing,北京,153,东四,158,120,142,1.2,103,9,46,105,中度污染,2015-09-16,1
965,beijing,北京,153,农展馆,156,119,0,1.3,117,7,42,96,中度污染,2015-09-16,1
966,beijing,北京,153,古城,134,102,106,0.8,33,2,45,63,轻度污染,2015-09-16,1
967,beijing,北京,153,天坛,142,108,120,1.3,107,5,2,68,轻度污染,2015-09-16,1
968,beijing,北京,153,奥体中心,173,131,186,2,185,2,4,94,中度污染,2015-09-16,1
969,beijing,北京,153,官园,138,105,119,1.1,64,5,53,112,轻度污染,2015-09-16,1
970,beijing,北京,153,定陵,138,105,110,0.9,23,2,95,118,轻度污染,2015-09-16,1
971,beijing,北京,153,怀柔镇,140,107,0,1.1,11,2,122,163,轻度污染,2015-09-16,1
972,beijing,北京,153,昌平镇,143,109,0,1,28,4,110,147,轻度污染,2015-09-16,1
973,beijing,北京,153,海淀区万柳,166,126,143,1.3,120,2,3,55,中度污染,2015-09-16,1
974,beijing,北京,153,顺义新城,209,159,0,1.3,57,2,26,82,重度污染,2015-09-16,1
1908,beijing,北京,162,万寿西宫,145,111,0,1.2,0,2,3,42,轻度污染,2015-09-16,2
1909,beijing,北京,162,东四,156,119,134,1.1,101,8,36,83,中度污染,2015-09-16,2
1910,beijing,北京,162,农展馆,155,118,120,1.6,131,3,10,70,中度污染,2015-09-16,2
1911,beijing,北京,162,古城,129,98,0,0.8,27,2,64,47,轻度污染,2015-09-16,2
1912,beijing,北京,162,天坛,143,109,110,1.4,83,7,2,41,轻度污染,2015-09-16,2
1913,beijing,北京,162,奥体中心,232,182,245,2.2,180,6,2,64,重度污染,2015-09-16,2
1914,beijing,北京,162,官园,155,118,146,1.5,116,5,2,82,中度污染,2015-09-16,2
1915,beijing,北京,162,定陵,132,100,0,0.9,18,2,87,113,轻度污染,2015-09-16,2
1916,beijing,北京,162,怀柔镇,147,112,0,1.1,12,2,96,145,轻度污染,2015-09-16,2
1917,beijing,北京,162,昌平镇,140,107,0,0.9,29,4,89,130,轻度污染,2015-09-16,2
1918,beijing,北京,162,海淀区万柳,202,152,0,1.2,92,3,23,34,重度污染,2015-09-16,2
1919,beijing,北京,162,顺义新城,204,154,0,0.9,30,9,15,57,重度污染,2015-09-16,2
2853,beijing,北京,172,万寿西宫,156,119,121,1.5,0,2,2,24,中度污染,2015-09-16,3
2854,beijing,北京,172,东四,199,149,196,1.7,152,5,2,60,中度污染,2015-09-16,3
2855,beijing,北京,172,农展馆,211,161,197,2.3,163,5,4,46,重度污染,2015-09-16,3
2856,beijing,北京,172,古城,114,86,0,0.9,19,2,93,43,轻度污染,2015-09-16,3
2857,beijing,北京,172,天坛,150,115,0,1.4,83,6,2,22,轻度污染,2015-09-16,3
2858,beijing,北京,172,奥体中心,215,165,174,1.7,159,4,2,39,重度污染,2015-09-16,3
2859,beijing,北京,172,官园,203,153,187,1.6,127,4,2,59,重度污染,2015-09-16,3
2860,beijing,北京,172,定陵,129,98,0,0.8,16,2,83,109,轻度污染,2015-09-16,3
2861,beijing,北京,172,怀柔镇,145,111,0,1.1,9,2,97,132,轻度污染,2015-09-16,3
2862,beijing,北京,172,昌平镇,138,105,0,0.9,26,3,94,119,轻度污染,2015-09-16,3
2863,beijing,北京,172,海淀区万柳,192,144,0,1.1,79,2,24,20,中度污染,2015-09-16,3
2864,beijing,北京,172,顺义新城,201,151,0,1,27,2,16,36,重度污染,2015-09-16,3
3798,beijing,北京,177,万寿西宫,170,129,142,1.7,0,2,2,11,中度污染,2015-09-16,4
3799,beijing,北京,177,东四,222,172,228,1.6,150,5,2,42,重度污染,2015-09-16,4
3800,beijing,北京,177,农展馆,234,184,199,2.3,147,5,2,29,重度污染,2015-09-16,4
3801,beijing,北京,177,古城,119,90,0,0.8,23,2,70,43,轻度污染,2015-09-16,4
3802,beijing,北京,177,天坛,148,113,114,1.5,63,6,3,12,轻度污染,2015-09-16,4
3803,beijing,北京,177,奥体中心,208,158,0,1.6,145,4,0,0,重度污染,2015-09-16,4
3804,beijing,北京,177,官园,211,161,186,1.7,129,4,2,42,重度污染,2015-09-16,4
3805,beijing,北京,177,定陵,129,98,0,0.8,15,2,75,100,轻度污染,2015-09-16,4
3806,beijing,北京,177,怀柔镇,139,106,0,1,11,2,79,122,轻度污染,2015-09-16,4
3807,beijing,北京,177,昌平镇,132,100,0,0.9,26,3,80,112,轻度污染,2015-09-16,4
3808,beijing,北京,177,海淀区万柳,202,152,0,1,91,2,8,12,重度污染,2015-09-16,4
3809,beijing,北京,177,顺义新城,182,137,0,0.7,29,2,17,20,中度污染,2015-09-16,4
4743,beijing,北京,177,万寿西宫,205,155,157,1.8,0,2,2,6,重度污染,2015-09-16,5
4744,beijing,北京,177,东四,218,168,176,1.7,117,4,2,29,重度污染,2015-09-16,5
4745,beijing,北京,177,农展馆,229,179,0,2.1,123,3,2,19,重度污染,2015-09-16,5
4746,beijing,北京,177,古城,118,89,0,0.7,18,2,77,46,轻度污染,2015-09-16,5
4747,beijing,北京,177,天坛,185,139,0,1.7,79,7,2,5,中度污染,2015-09-16,5
4748,beijing,北京,177,奥体中心,204,154,0,1.6,101,3,18,11,重度污染,2015-09-16,5
4749,beijing,北京,177,官园,204,154,156,1.6,113,4,2,28,重度污染,2015-09-16,5
4750,beijing,北京,177,定陵,127,96,103,0.7,25,2,70,92,轻度污染,2015-09-16,5
4751,beijing,北京,177,怀柔镇,139,106,0,1,9,2,73,112,轻度污染,2015-09-16,5
4752,beijing,北京,177,昌平镇,139,106,0,0.9,70,2,35,100,轻度污染,2015-09-16,5
4753,beijing,北京,177,海淀区万柳,176,133,0,0.9,80,2,5,9,中度污染,2015-09-16,5
4754,beijing,北京,177,顺义新城,168,127,0,1,41,2,12,14,中度污染,2015-09-16,5
5688,beijing,北京,174,万寿西宫,210,160,0,1.6,0,2,2,2,重度污染,2015-09-16,6
5689,beijing,北京,174,东四,212,162,0,1.5,81,3,19,26,重度污染,2015-09-16,6
5690,beijing,北京,174,农展馆,216,166,0,1.8,103,2,2,16,重度污染,2015-09-16,6
5691,beijing,北京,174,古城,120,91,0,0.8,16,2,82,56,轻度污染,2015-09-16,6
5692,beijing,北京,174,天坛,196,147,0,1.5,80,6,2,2,中度污染,2015-09-16,6
5693,beijing,北京,174,奥体中心,203,153,0,1.4,92,3,33,9,重度污染,2015-09-16,6
5694,beijing,北京,174,官园,201,151,0,1.5,65,4,47,26,重度污染,2015-09-16,6
5695,beijing,北京,174,定陵,122,92,0,0.7,16,2,68,85,轻度污染,2015-09-16,6
5696,beijing,北京,174,怀柔镇,138,105,0,1,8,2,75,102,轻度污染,2015-09-16,6
5697,beijing,北京,174,昌平镇,138,105,0,1,38,2,62,91,轻度污染,2015-09-16,6
5698,beijing,北京,174,海淀区万柳,165,125,0,0.9,71,2,6,9,中度污染,2015-09-16,6
5699,beijing,北京,174,顺义新城,163,124,0,1.3,37,2,26,14,中度污染,2015-09-16,6
6633,beijing,北京,165,万寿西宫,208,158,0,1.4,0,2,28,6,重度污染,2015-09-16,7
6634,beijing,北京,165,东四,198,148,0,1.4,50,4,52,26,中度污染,2015-09-16,7
6635,beijing,北京,165,农展馆,207,157,0,1.5,83,2,4,14,重度污染,2015-09-16,7
6636,beijing,北京,165,古城,127,96,107,0.8,29,2,52,62,轻度污染,2015-09-16,7
6637,beijing,北京,165,天坛,189,142,0,1.5,64,6,2,2,中度污染,2015-09-16,7
6638,beijing,北京,165,奥体中心,0,0,0,0,0,0,0,0,0,2015-09-16,7
6639,beijing,北京,165,官园,193,145,0,1.5,94,4,18,22,中度污染,2015-09-16,7
6640,beijing,北京,165,定陵,123,93,0,0.8,14,2,66,80,轻度污染,2015-09-16,7
6641,beijing,北京,165,怀柔镇,133,101,0,1.1,16,2,52,91,轻度污染,2015-09-16,7
6642,beijing,北京,165,昌平镇,128,97,0,1,32,3,72,83,轻度污染,2015-09-16,7
6643,beijing,北京,165,海淀区万柳,165,125,0,1.1,82,2,2,9,中度污染,2015-09-16,7
6644,beijing,北京,165,顺义新城,149,114,0,1.3,40,2,28,18,轻度污染,2015-09-16,7
7578,beijing,北京,166,万寿西宫,204,154,0,1.6,0,2,28,9,重度污染,2015-09-16,8
7579,beijing,北京,166,东四,189,142,0,1.4,70,4,38,25,中度污染,2015-09-16,8
7580,beijing,北京,166,农展馆,203,153,0,1.5,78,3,13,10,重度污染,2015-09-16,8
7581,beijing,北京,166,古城,133,101,139,0.9,42,2,37,65,轻度污染,2015-09-16,8
7582,beijing,北京,166,天坛,192,144,0,1.7,86,7,8,3,中度污染,2015-09-16,8
7583,beijing,北京,166,奥体中心,0,0,0,0,0,0,0,0,0,2015-09-16,8
7584,beijing,北京,166,官园,183,138,140,1.5,99,6,17,18,中度污染,2015-09-16,8
7585,beijing,北京,166,定陵,120,91,0,0.9,14,2,74,77,轻度污染,2015-09-16,8
7586,beijing,北京,166,怀柔镇,152,116,119,1.3,38,2,36,79,中度污染,2015-09-16,8
7587,beijing,北京,166,昌平镇,135,103,0,1.1,50,4,55,75,轻度污染,2015-09-16,8
7588,beijing,北京,166,海淀区万柳,163,124,0,1,71,3,16,11,中度污染,2015-09-16,8
7589,beijing,北京,166,顺义新城,152,116,0,1.3,45,2,24,20,中度污染,2015-09-16,8
8523,beijing,北京,170,万寿西宫,200,150,0,1.5,0,4,33,12,中度污染,2015-09-16,9
8524,beijing,北京,170,东四,198,148,154,1.4,64,8,50,25,中度污染,2015-09-16,9
8525,beijing,北京,170,农展馆,209,159,0,1.5,79,6,26,8,重度污染,2015-09-16,9
8526,beijing,北京,170,古城,176,133,169,1.1,40,5,56,66,中度污染,2015-09-16,9
8527,beijing,北京,170,天坛,207,157,157,1.7,98,11,23,6,重度污染,2015-09-16,9
8528,beijing,北京,170,奥体中心,129,98,0,0,0,0,0,0,轻度污染,2015-09-16,9
8529,beijing,北京,170,官园,175,132,137,1.4,72,8,56,18,中度污染,2015-09-16,9
8530,beijing,北京,170,定陵,129,98,102,0.8,20,3,94,77,轻度污染,2015-09-16,9
8531,beijing,北京,170,怀柔镇,156,119,141,1.2,44,5,52,70,中度污染,2015-09-16,9
8532,beijing,北京,170,昌平镇,147,112,0,1.2,71,6,51,67,轻度污染,2015-09-16,9
8533,beijing,北京,170,海淀区万柳,155,118,132,1,72,5,32,14,中度污染,2015-09-16,9
8534,beijing,北京,170,顺义新城,155,118,0,1.3,39,2,41,22,中度污染,2015-09-16,9
9468,beijing,北京,187,万寿西宫,207,157,0,0,0,0,0,0,重度污染,2015-09-16,10
9469,beijing,北京,187,东四,218,168,0,0,0,0,0,0,重度污染,2015-09-16,10
9470,beijing,北京,187,农展馆,234,184,0,0,0,0,0,0,重度污染,2015-09-16,10
9471,beijing,北京,187,古城,163,124,142,1,24,7,109,72,中度污染,2015-09-16,10
9472,beijing,北京,187,天坛,220,170,0,1.6,104,13,37,10,重度污染,2015-09-16,10
9473,beijing,北京,187,奥体中心,202,152,176,1.5,73,9,67,30,重度污染,2015-09-16,10
9474,beijing,北京,187,官园,189,142,151,1.5,69,12,71,27,中度污染,2015-09-16,10
9475,beijing,北京,187,定陵,138,105,118,0.9,28,6,0,0,轻度污染,2015-09-16,10
9476,beijing,北京,187,怀柔镇,148,113,141,1.2,30,8,88,69,轻度污染,2015-09-16,10
9477,beijing,北京,187,昌平镇,142,108,114,1.2,46,9,103,69,轻度污染,2015-09-16,10
9478,beijing,北京,187,海淀区万柳,186,140,155,1.2,80,8,46,17,中度污染,2015-09-16,10
9479,beijing,北京,187,顺义新城,162,123,0,1.3,32,3,72,30,中度污染,2015-09-16,10
10413,beijing,北京,199,万寿西宫,217,167,168,1.6,36,10,85,26,重度污染,2015-09-16,11
10414,beijing,北京,199,东四,232,182,185,0,0,0,0,0,重度污染,2015-09-16,11
10415,beijing,北京,199,农展馆,110,0,170,0,0,0,0,0,轻度污染,2015-09-16,11
10416,beijing,北京,199,古城,175,132,154,1,26,8,127,76,中度污染,2015-09-16,11
10417,beijing,北京,199,天坛,216,166,168,1.6,109,15,69,18,重度污染,2015-09-16,11
10418,beijing,北京,199,奥体中心,227,177,203,1.6,91,12,74,48,重度污染,2015-09-16,11
10419,beijing,北京,199,官园,213,163,166,1.6,84,13,85,37,重度污染,2015-09-16,11
10420,beijing,北京,199,定陵,158,120,139,0.9,34,8,0,0,中度污染,2015-09-16,11
10421,beijing,北京,199,怀柔镇,149,114,121,1.2,22,13,130,73,轻度污染,2015-09-16,11
10422,beijing,北京,199,昌平镇,153,117,137,1.3,52,10,110,71,中度污染,2015-09-16,11
10423,beijing,北京,199,海淀区万柳,201,151,170,1.3,66,11,88,25,重度污染,2015-09-16,11
10424,beijing,北京,199,顺义新城,198,148,0,1.3,30,7,118,42,中度污染,2015-09-16,11
11358,beijing,北京,202,万寿西宫,0,0,0,0,0,0,0,0,0,2015-09-16,12
11359,beijing,北京,202,东四,234,184,0,0,0,0,0,0,重度污染,2015-09-16,12
11360,beijing,北京,202,农展馆,110,0,170,0,0,0,0,0,轻度污染,2015-09-16,12
11361,beijing,北京,202,古城,183,138,0,1,27,12,163,88,中度污染,2015-09-16,12
11362,beijing,北京,202,天坛,227,177,0,1.5,91,18,123,33,重度污染,2015-09-16,12
11363,beijing,北京,202,奥体中心,228,178,0,1.6,82,14,127,64,重度污染,2015-09-16,12
11364,beijing,北京,202,官园,213,163,0,1.5,72,14,133,54,重度污染,2015-09-16,12
11365,beijing,北京,202,定陵,156,119,140,1.1,31,9,0,0,中度污染,2015-09-16,12
11366,beijing,北京,202,怀柔镇,156,119,131,1.2,19,15,164,84,中度污染,2015-09-16,12
11367,beijing,北京,202,昌平镇,176,133,0,1.3,34,10,158,81,中度污染,2015-09-16,12
11368,beijing,北京,202,海淀区万柳,212,162,0,1.3,54,14,140,42,重度污染,2015-09-16,12
11369,beijing,北京,202,顺义新城,195,146,0,1.2,35,9,149,59,中度污染,2015-09-16,12
12303,beijing,北京,174,万寿西宫,160,122,0,0,0,0,0,0,中度污染,2015-09-16,13
12304,beijing,北京,174,东四,201,151,0,0,0,0,0,0,重度污染,2015-09-16,13
12305,beijing,北京,174,农展馆,90,0,129,0,0,0,0,0,良,2015-09-16,13
12306,beijing,北京,174,古城,160,122,135,0.8,18,14,194,102,中度污染,2015-09-16,13
12307,beijing,北京,174,天坛,179,135,0,1.1,53,21,176,55,中度污染,2015-09-16,13
12308,beijing,北京,174,奥体中心,190,143,0,1.3,61,15,182,97,中度污染,2015-09-16,13
12309,beijing,北京,174,官园,185,139,0,1.3,50,16,181,76,中度污染,2015-09-16,13
12310,beijing,北京,174,定陵,150,115,120,0.9,18,11,206,102,轻度污染,2015-09-16,13
12311,beijing,北京,174,怀柔镇,156,119,139,1.2,18,16,191,98,中度污染,2015-09-16,13
12312,beijing,北京,174,昌平镇,169,128,0,1.2,30,11,182,99,中度污染,2015-09-16,13
12313,beijing,北京,174,海淀区万柳,178,134,0,1.1,42,15,161,61,中度污染,2015-09-16,13
12314,beijing,北京,174,顺义新城,185,139,0,1.1,39,13,167,78,中度污染,2015-09-16,13
13248,beijing,北京,151,万寿西宫,137,104,110,1,0,16,183,71,轻度污染,2015-09-16,14
13249,beijing,北京,151,东四,152,116,116,0,0,0,0,0,中度污染,2015-09-16,14
13250,beijing,北京,151,农展馆,80,0,110,0,0,0,0,0,良,2015-09-16,14
13251,beijing,北京,151,古城,127,96,105,0.7,12,13,202,118,轻度污染,2015-09-16,14
13252,beijing,北京,151,天坛,139,106,0,0.9,32,20,197,79,轻度污染,2015-09-16,14
13253,beijing,北京,151,奥体中心,152,116,0,1,38,15,217,133,中度污染,2015-09-16,14
13254,beijing,北京,151,官园,134,102,0,1,28,16,208,96,轻度污染,2015-09-16,14
13255,beijing,北京,151,定陵,156,119,124,0.9,20,11,226,133,中度污染,2015-09-16,14
13256,beijing,北京,151,怀柔镇,162,123,0,1,14,16,214,116,中度污染,2015-09-16,14
13257,beijing,北京,151,昌平镇,176,133,0,1.1,35,11,205,117,中度污染,2015-09-16,14
13258,beijing,北京,151,海淀区万柳,144,110,0,0.9,29,15,181,83,轻度污染,2015-09-16,14
13259,beijing,北京,151,顺义新城,188,141,0,1.1,45,13,181,98,中度污染,2015-09-16,14
14193,beijing,北京,141,万寿西宫,128,97,110,1,30,16,203,106,轻度污染,2015-09-16,15
14194,beijing,北京,141,东四,140,107,110,0,0,0,0,0,轻度污染,2015-09-16,15
14195,beijing,北京,141,农展馆,79,0,107,0,0,0,0,0,良,2015-09-16,15
14196,beijing,北京,141,古城,119,90,119,0.7,12,12,219,138,轻度污染,2015-09-16,15
14197,beijing,北京,141,天坛,127,96,103,0.8,23,22,216,106,轻度污染,2015-09-16,15
14198,beijing,北京,141,奥体中心,133,101,0,0.9,30,16,224,148,轻度污染,2015-09-16,15
14199,beijing,北京,141,官园,124,94,0,1,23,15,220,121,轻度污染,2015-09-16,15
14200,beijing,北京,141,定陵,149,114,127,0.9,23,10,241,168,轻度污染,2015-09-16,15
14201,beijing,北京,141,怀柔镇,152,116,118,1,22,15,226,138,中度污染,2015-09-16,15
14202,beijing,北京,141,昌平镇,172,130,0,1.2,39,12,214,135,中度污染,2015-09-16,15
14203,beijing,北京,141,海淀区万柳,119,90,0,0.8,22,14,191,107,轻度污染,2015-09-16,15
14204,beijing,北京,141,顺义新城,190,143,0,1.1,50,12,197,119,中度污染,2015-09-16,15
15138,beijing,北京,0,万寿西宫,0,0,0,0,0,0,0,0,0,2015-09-16,16
15139,beijing,北京,0,东四,0,0,0,0,0,0,0,0,0,2015-09-16,16
15140,beijing,北京,0,农展馆,0,0,0,0,0,0,0,0,0,2015-09-16,16
15141,beijing,北京,0,古城,0,0,0,0,0,0,0,0,0,2015-09-16,16
15142,beijing,北京,0,天坛,0,0,0,0,0,0,0,0,0,2015-09-16,16
15143,beijing,北京,0,奥体中心,0,0,0,0,0,0,0,0,0,2015-09-16,16
15144,beijing,北京,0,官园,0,0,0,0,0,0,0,0,0,2015-09-16,16
15145,beijing,北京,0,定陵,0,0,0,0,0,0,0,0,0,2015-09-16,16
15146,beijing,北京,0,怀柔镇,0,0,0,0,0,0,0,0,0,2015-09-16,16
15147,beijing,北京,0,昌平镇,0,0,0,0,0,0,0,0,0,2015-09-16,16
15148,beijing,北京,0,海淀区万柳,0,0,0,0,0,0,0,0,0,2015-09-16,16
15149,beijing,北京,0,顺义新城,0,0,0,0,0,0,0,0,0,2015-09-16,16
16083,beijing,北京,0,万寿西宫,0,0,0,0,0,0,0,0,0,2015-09-16,17
16084,beijing,北京,0,东四,0,0,0,0,0,0,0,0,0,2015-09-16,17
16085,beijing,北京,0,农展馆,0,0,0,0,0,0,0,0,0,2015-09-16,17
16086,beijing,北京,0,古城,0,0,0,0,0,0,0,0,0,2015-09-16,17
16087,beijing,北京,0,天坛,0,0,0,0,0,0,0,0,0,2015-09-16,17
16088,beijing,北京,0,奥体中心,0,0,0,0,0,0,0,0,0,2015-09-16,17
16089,beijing,北京,0,官园,0,0,0,0,0,0,0,0,0,2015-09-16,17
16090,beijing,北京,0,定陵,0,0,0,0,0,0,0,0,0,2015-09-16,17
16091,beijing,北京,0,怀柔镇,0,0,0,0,0,0,0,0,0,2015-09-16,17
16092,beijing,北京,0,昌平镇,0,0,0,0,0,0,0,0,0,2015-09-16,17
16093,beijing,北京,0,海淀区万柳,0,0,0,0,0,0,0,0,0,2015-09-16,17
16094,beijing,北京,0,顺义新城,0,0,0,0,0,0,0,0,0,2015-09-16,17
17028,beijing,北京,129,万寿西宫,129,98,136,1.1,37,13,167,160,轻度污染,2015-09-16,18
17029,beijing,北京,129,东四,133,101,134,0.9,34,17,173,173,轻度污染,2015-09-16,18
17030,beijing,北京,129,农展馆,134,102,115,0.9,31,17,203,203,轻度污染,2015-09-16,18
17031,beijing,北京,129,古城,127,96,146,0.9,19,14,169,179,轻度污染,2015-09-16,18
17032,beijing,北京,129,天坛,129,98,111,0.8,25,19,190,162,轻度污染,2015-09-16,18
17033,beijing,北京,129,奥体中心,123,61,195,1,50,18,191,169,轻度污染,2015-09-16,18
17034,beijing,北京,129,官园,125,95,120,1.1,28,16,187,169,轻度污染,2015-09-16,18
17035,beijing,北京,129,定陵,127,96,127,0.9,26,7,190,216,轻度污染,2015-09-16,18
17036,beijing,北京,129,怀柔镇,200,150,171,1.3,42,10,239,194,中度污染,2015-09-16,18
17037,beijing,北京,129,昌平镇,113,85,109,1,39,9,192,177,轻度污染,2015-09-16,18
17038,beijing,北京,129,海淀区万柳,120,91,108,0.9,37,16,156,153,轻度污染,2015-09-16,18
17039,beijing,北京,129,顺义新城,134,102,118,0.9,41,11,185,166,轻度污染,2015-09-16,18
17973,beijing,北京,135,万寿西宫,137,104,129,1.2,50,12,134,172,轻度污染,2015-09-16,19
17974,beijing,北京,135,东四,138,105,136,1.1,41,17,147,160,轻度污染,2015-09-16,19
17975,beijing,北京,135,农展馆,138,105,117,1,43,16,170,186,轻度污染,2015-09-16,19
17976,beijing,北京,135,古城,134,102,158,0.9,24,14,145,182,轻度污染,2015-09-16,19
17977,beijing,北京,135,天坛,127,96,116,1,36,16,154,176,轻度污染,2015-09-16,19
17978,beijing,北京,135,奥体中心,130,99,185,1.2,53,19,174,186,轻度污染,2015-09-16,19
17979,beijing,北京,135,官园,132,100,124,1.2,38,17,160,182,轻度污染,2015-09-16,19
17980,beijing,北京,135,定陵,115,87,96,0.8,22,3,142,201,轻度污染,2015-09-16,19
17981,beijing,北京,135,怀柔镇,202,152,185,1.5,60,7,175,202,重度污染,2015-09-16,19
17982,beijing,北京,135,昌平镇,120,91,123,1.1,58,8,144,182,轻度污染,2015-09-16,19
17983,beijing,北京,135,海淀区万柳,125,95,115,1,52,17,127,159,轻度污染,2015-09-16,19
17984,beijing,北京,135,顺义新城,132,100,137,1.1,85,7,107,164,轻度污染,2015-09-16,19
18918,beijing,北京,146,万寿西宫,149,114,152,1.3,60,9,109,159,轻度污染,2015-09-16,20
18919,beijing,北京,146,东四,155,118,149,1.1,49,16,130,150,中度污染,2015-09-16,20
18920,beijing,北京,146,农展馆,143,109,125,1.1,60,14,129,167,轻度污染,2015-09-16,20
18921,beijing,北京,146,古城,155,118,190,1,36,12,112,174,中度污染,2015-09-16,20
18922,beijing,北京,146,天坛,125,95,127,1.1,54,11,105,173,轻度污染,2015-09-16,20
18923,beijing,北京,146,奥体中心,137,104,175,1.2,54,19,155,190,轻度污染,2015-09-16,20
18924,beijing,北京,146,官园,140,107,150,1.3,52,15,127,180,轻度污染,2015-09-16,20
18925,beijing,北京,146,定陵,120,91,100,0.8,19,3,150,192,轻度污染,2015-09-16,20
18926,beijing,北京,146,怀柔镇,210,160,0,1.4,37,4,150,199,重度污染,2015-09-16,20
18927,beijing,北京,146,昌平镇,135,103,135,1.2,68,6,105,174,轻度污染,2015-09-16,20
18928,beijing,北京,146,海淀区万柳,134,102,134,1.1,74,15,89,151,轻度污染,2015-09-16,20
18929,beijing,北京,146,顺义新城,155,118,160,1.2,97,5,69,151,中度污染,2015-09-16,20
19863,beijing,北京,161,万寿西宫,188,141,170,1.4,74,8,85,147,中度污染,2015-09-16,21
19864,beijing,北京,161,东四,176,133,173,1.2,67,21,104,138,中度污染,2015-09-16,21
19865,beijing,北京,161,农展馆,165,125,140,1.3,79,15,95,149,中度污染,2015-09-16,21
19866,beijing,北京,161,古城,182,137,224,1.2,48,10,75,154,中度污染,2015-09-16,21
19867,beijing,北京,161,天坛,144,110,137,1.2,66,10,66,155,轻度污染,2015-09-16,21
19868,beijing,北京,161,奥体中心,153,117,187,1.4,78,16,128,182,中度污染,2015-09-16,21
19869,beijing,北京,161,官园,162,123,174,1.4,63,14,108,168,中度污染,2015-09-16,21
19870,beijing,北京,161,定陵,122,92,104,0.8,18,3,142,182,轻度污染,2015-09-16,21
19871,beijing,北京,161,怀柔镇,193,145,0,1.2,25,3,139,190,中度污染,2015-09-16,21
19872,beijing,北京,161,昌平镇,134,102,111,1.1,39,4,118,163,轻度污染,2015-09-16,21
19873,beijing,北京,161,海淀区万柳,155,118,158,1.2,102,13,59,134,中度污染,2015-09-16,21
19874,beijing,北京,161,顺义新城,166,126,160,1.2,112,4,41,130,中度污染,2015-09-16,21
20808,beijing,北京,176,万寿西宫,190,143,166,1.4,83,4,58,126,中度污染,2015-09-16,22
20809,beijing,北京,176,东四,198,148,184,1.3,96,22,68,124,中度污染,2015-09-16,22
20810,beijing,北京,176,农展馆,186,140,153,1.3,97,16,67,133,中度污染,2015-09-16,22
20811,beijing,北京,176,古城,204,154,232,1.2,63,9,36,126,重度污染,2015-09-16,22
20812,beijing,北京,176,天坛,170,129,149,1.3,80,7,35,128,中度污染,2015-09-16,22
20813,beijing,北京,176,奥体中心,190,143,208,1.5,105,19,93,161,中度污染,2015-09-16,22
20814,beijing,北京,176,官园,186,140,184,1.4,64,13,92,149,中度污染,2015-09-16,22
20815,beijing,北京,176,定陵,129,98,103,0.8,17,3,121,164,轻度污染,2015-09-16,22
20816,beijing,北京,176,怀柔镇,168,127,0,1.1,18,3,139,178,中度污染,2015-09-16,22
20817,beijing,北京,176,昌平镇,139,106,0,1,33,4,119,149,轻度污染,2015-09-16,22
20818,beijing,北京,176,海淀区万柳,179,135,173,1.3,118,10,38,110,中度污染,2015-09-16,22
20819,beijing,北京,176,顺义新城,170,129,181,1.3,123,3,13,102,中度污染,2015-09-16,22
21753,beijing,北京,180,万寿西宫,199,149,160,1.5,88,2,35,98,中度污染,2015-09-16,23
21754,beijing,北京,180,东四,207,157,191,1.5,121,20,37,110,重度污染,2015-09-16,23
21755,beijing,北京,180,农展馆,192,144,151,1.4,116,11,37,117,中度污染,2015-09-16,23
21756,beijing,北京,180,古城,195,146,219,1.3,68,5,5,90,中度污染,2015-09-16,23
21757,beijing,北京,180,天坛,173,131,146,1.3,81,7,13,94,中度污染,2015-09-16,23
21758,beijing,北京,180,奥体中心,0,0,0,0,0,0,0,0,0,2015-09-16,23
21759,beijing,北京,180,官园,195,146,183,1.4,66,11,76,125,中度污染,2015-09-16,23
21760,beijing,北京,180,定陵,133,101,110,0.8,19,4,123,145,轻度污染,2015-09-16,23
21761,beijing,北京,180,怀柔镇,170,129,0,1.2,18,2,123,161,中度污染,2015-09-16,23
21762,beijing,北京,180,昌平镇,137,104,0,1,32,4,115,132,轻度污染,2015-09-16,23
21763,beijing,北京,180,海淀区万柳,185,139,177,1.4,126,7,7,79,中度污染,2015-09-16,23
21764,beijing,北京,180,顺义新城,195,146,175,1.3,119,2,2,70,中度污染,2015-09-16,23
22698,beijing,北京,180,万寿西宫,203,153,155,1.5,99,2,21,87,重度污染,2015-09-17,0
22699,beijing,北京,180,东四,208,158,190,1.3,109,18,38,100,重度污染,2015-09-17,0
22700,beijing,北京,180,农展馆,205,155,163,1.6,148,10,5,101,重度污染,2015-09-17,0
22701,beijing,北京,180,古城,159,121,136,1,39,3,50,85,中度污染,2015-09-17,0
22702,beijing,北京,180,天坛,188,141,0,1.4,98,6,2,81,中度污染,2015-09-17,0
22703,beijing,北京,180,奥体中心,0,0,0,0,0,0,0,0,0,2015-09-17,0
22704,beijing,北京,180,官园,192,144,177,1.4,76,8,46,114,中度污染,2015-09-17,0
22705,beijing,北京,180,定陵,132,100,101,0.8,15,2,95,138,轻度污染,2015-09-17,0
22706,beijing,北京,180,怀柔镇,176,133,0,1.2,22,2,108,153,中度污染,2015-09-17,0
22707,beijing,北京,180,昌平镇,139,106,0,1,58,3,74,124,轻度污染,2015-09-17,0
22708,beijing,北京,180,海淀区万柳,176,133,140,1.2,103,5,5,69,中度污染,2015-09-17,0
22709,beijing,北京,180,顺义新城,196,147,165,1.2,104,2,2,60,中度污染,2015-09-17,0
23643,beijing,北京,181,万寿西宫,204,154,160,1.4,116,2,7,77,重度污染,2015-09-17,1
23644,beijing,北京,181,东四,214,164,191,1.5,129,15,13,89,重度污染,2015-09-17,1
23645,beijing,北京,181,农展馆,204,154,0,1.5,121,7,10,90,重度污染,2015-09-17,1
23646,beijing,北京,181,古城,142,108,118,0.9,24,2,58,81,轻度污染,2015-09-17,1
23647,beijing,北京,181,天坛,192,144,150,1.5,97,7,2,71,中度污染,2015-09-17,1
23648,beijing,北京,181,奥体中心,0,0,0,0,0,0,0,0,0,2015-09-17,1
23649,beijing,北京,181,官园,201,151,180,1.5,97,6,13,101,重度污染,2015-09-17,1
23650,beijing,北京,181,定陵,132,100,0,0.8,14,2,94,132,轻度污染,2015-09-17,1
23651,beijing,北京,181,怀柔镇,159,121,0,1,12,2,104,147,中度污染,2015-09-17,1
23652,beijing,北京,181,昌平镇,147,112,0,1,32,3,89,120,轻度污染,2015-09-17,1
23653,beijing,北京,181,海淀区万柳,186,140,0,1.2,100,4,6,61,中度污染,2015-09-17,1
23654,beijing,北京,181,顺义新城,201,151,156,1.1,104,2,2,53,重度污染,2015-09-17,1
24588,beijing,北京,186,万寿西宫,213,163,165,1.3,89,3,20,59,重度污染,2015-09-17,2
24589,beijing,北京,186,东四,216,166,188,1.5,130,12,6,68,重度污染,2015-09-17,2
24590,beijing,北京,186,农展馆,203,153,153,1.6,128,6,2,64,重度污染,2015-09-17,2
24591,beijing,北京,186,古城,137,104,114,0.9,23,3,50,66,轻度污染,2015-09-17,2
24592,beijing,北京,186,天坛,199,149,0,1.5,84,8,2,47,中度污染,2015-09-17,2
24593,beijing,北京,186,奥体中心,0,0,0,0,0,0,0,0,0,2015-09-17,2
24594,beijing,北京,186,官园,201,151,171,1.5,111,5,2,78,重度污染,2015-09-17,2
24595,beijing,北京,186,定陵,137,104,0,0.8,14,2,88,119,轻度污染,2015-09-17,2
24596,beijing,北京,186,怀柔镇,159,121,0,0.9,9,2,99,130,中度污染,2015-09-17,2
24597,beijing,北京,186,昌平镇,143,109,0,1,39,3,80,106,轻度污染,2015-09-17,2
24598,beijing,北京,186,海淀区万柳,198,148,164,1.1,112,4,2,42,中度污染,2015-09-17,2
24599,beijing,北京,186,顺义新城,217,167,0,1,97,2,2,30,重度污染,2015-09-17,2
25533,beijing,北京,186,万寿西宫,217,167,0,1.2,88,2,12,43,重度污染,2015-09-17,3
25534,beijing,北京,186,东四,214,164,204,1.8,130,7,2,50,重度污染,2015-09-17,3
25535,beijing,北京,186,农展馆,207,157,171,1.8,125,5,2,43,重度污染,2015-09-17,3
25536,beijing,北京,186,古城,135,103,107,0.9,22,2,63,56,轻度污染,2015-09-17,3
25537,beijing,北京,186,天坛,202,152,0,1.5,90,8,2,28,重度污染,2015-09-17,3
25538,beijing,北京,186,奥体中心,80,0,0,2.2,159,14,2,94,良,2015-09-17,3
25539,beijing,北京,186,官园,196,147,173,1.4,115,4,2,58,中度污染,2015-09-17,3
25540,beijing,北京,186,定陵,137,104,0,0.8,15,2,81,112,轻度污染,2015-09-17,3
25541,beijing,北京,186,怀柔镇,150,115,0,0.8,9,2,95,120,轻度污染,2015-09-17,3
25542,beijing,北京,186,昌平镇,144,110,0,1,54,3,56,94,轻度污染,2015-09-17,3
25543,beijing,北京,186,海淀区万柳,206,156,158,1.2,110,3,2,26,重度污染,2015-09-17,3
25544,beijing,北京,186,顺义新城,213,163,0,1,83,2,5,17,重度污染,2015-09-17,3
26478,beijing,北京,194,万寿西宫,218,168,0,1.3,80,2,7,31,重度污染,2015-09-17,4
26479,beijing,北京,194,东四,220,170,222,1.8,130,4,2,34,重度污染,2015-09-17,4
26480,beijing,北京,194,农展馆,233,183,203,1.9,120,5,3,28,重度污染,2015-09-17,4
26481,beijing,北京,194,古城,190,143,157,1,51,2,7,43,中度污染,2015-09-17,4
26482,beijing,北京,194,天坛,189,142,146,1.4,77,9,2,16,中度污染,2015-09-17,4
26483,beijing,北京,194,奥体中心,159,121,211,1.7,146,5,2,56,中度污染,2015-09-17,4
26484,beijing,北京,194,官园,210,160,183,1.4,117,3,2,43,重度污染,2015-09-17,4
26485,beijing,北京,194,定陵,133,101,105,0.8,16,2,67,101,轻度污染,2015-09-17,4
26486,beijing,北京,194,怀柔镇,166,126,0,0.9,15,2,71,110,中度污染,2015-09-17,4
26487,beijing,北京,194,昌平镇,150,115,0,1,33,3,74,91,轻度污染,2015-09-17,4
26488,beijing,北京,194,海淀区万柳,203,153,0,1.2,90,3,0,0,重度污染,2015-09-17,4
26489,beijing,北京,194,顺义新城,215,165,0,0.9,50,2,26,12,重度污染,2015-09-17,4
27423,beijing,北京,204,万寿西宫,213,163,167,1.6,111,2,2,20,重度污染,2015-09-17,5
27424,beijing,北京,204,东四,233,183,225,1.6,120,4,2,21,重度污染,2015-09-17,5
27425,beijing,北京,204,农展馆,226,176,184,1.5,105,4,2,16,重度污染,2015-09-17,5
27426,beijing,北京,204,古城,192,144,151,1,41,2,9,35,中度污染,2015-09-17,5
27427,beijing,北京,204,天坛,192,144,152,1.6,77,8,2,8,中度污染,2015-09-17,5
27428,beijing,北京,204,奥体中心,228,178,180,1.5,119,4,15,28,重度污染,2015-09-17,5
27429,beijing,北京,204,官园,219,169,177,1.3,105,3,2,29,重度污染,2015-09-17,5
27430,beijing,北京,204,定陵,152,116,0,0.9,32,2,51,90,中度污染,2015-09-17,5
27431,beijing,北京,204,怀柔镇,170,129,0,1,21,2,49,98,中度污染,2015-09-17,5
27432,beijing,北京,204,昌平镇,152,116,0,1.1,61,3,40,81,中度污染,2015-09-17,5
27433,beijing,北京,204,海淀区万柳,219,169,0,1.1,72,3,16,11,重度污染,2015-09-17,5
27434,beijing,北京,204,顺义新城,207,157,0,0.9,40,2,26,10,重度污染,2015-09-17,5
28368,beijing,北京,205,万寿西宫,220,170,0,1.5,110,2,2,13,重度污染,2015-09-17,6
28369,beijing,北京,205,东四,227,177,200,1.4,113,4,2,13,重度污染,2015-09-17,6
28370,beijing,北京,205,农展馆,214,164,0,1.3,102,4,2,8,重度污染,2015-09-17,6
28371,beijing,北京,205,古城,203,153,0,1,41,2,14,32,重度污染,2015-09-17,6
28372,beijing,北京,205,天坛,196,147,0,1.5,70,8,2,3,中度污染,2015-09-17,6
28373,beijing,北京,205,奥体中心,227,177,0,1.5,90,3,36,14,重度污染,2015-09-17,6
28374,beijing,北京,205,官园,226,176,0,1.2,84,3,15,20,重度污染,2015-09-17,6
28375,beijing,北京,205,定陵,149,114,0,0.9,25,2,47,81,轻度污染,2015-09-17,6
28376,beijing,北京,205,怀柔镇,178,134,0,1,22,2,42,86,中度污染,2015-09-17,6
28377,beijing,北京,205,昌平镇,158,120,0,1.1,75,2,15,68,中度污染,2015-09-17,6
28378,beijing,北京,205,海淀区万柳,219,169,0,1.2,74,2,15,8,重度污染,2015-09-17,6
28379,beijing,北京,205,顺义新城,202,152,0,0.9,44,2,15,10,重度污染,2015-09-17,6
29313,beijing,北京,203,万寿西宫,224,174,0,1.4,95,2,3,9,重度污染,2015-09-17,7
29314,beijing,北京,203,东四,231,181,189,1.3,99,4,5,9,重度污染,2015-09-17,7
29315,beijing,北京,203,农展馆,215,165,0,1.2,96,4,2,4,重度污染,2015-09-17,7
29316,beijing,北京,203,古城,173,131,0,1.1,36,2,24,34,中度污染,2015-09-17,7
29317,beijing,北京,203,天坛,200,150,151,1.4,71,7,2,2,中度污染,2015-09-17,7
29318,beijing,北京,203,奥体中心,220,170,0,1.4,84,3,39,19,重度污染,2015-09-17,7
29319,beijing,北京,203,官园,230,180,0,1.2,69,3,37,15,重度污染,2015-09-17,7
29320,beijing,北京,203,定陵,156,119,0,0.9,18,2,49,72,中度污染,2015-09-17,7
29321,beijing,北京,203,怀柔镇,168,127,0,1.1,26,2,43,76,中度污染,2015-09-17,7
29322,beijing,北京,203,昌平镇,166,126,0,1.1,40,3,46,59,中度污染,2015-09-17,7
29323,beijing,北京,203,海淀区万柳,212,162,0,1.4,83,3,9,8,重度污染,2015-09-17,7
29324,beijing,北京,203,顺义新城,199,149,0,0.9,48,2,22,12,中度污染,2015-09-17,7
30258,beijing,北京,203,万寿西宫,230,180,0,1.4,74,3,32,11,重度污染,2015-09-17,8
30259,beijing,北京,203,东四,234,184,0,1.4,80,4,19,6,重度污染,2015-09-17,8
30260,beijing,北京,203,农展馆,225,175,0,1.4,92,4,5,4,重度污染,2015-09-17,8
30261,beijing,北京,203,古城,158,120,140,1.1,38,2,25,31,中度污染,2015-09-17,8
30262,beijing,北京,203,天坛,222,172,0,1.3,85,8,11,3,重度污染,2015-09-17,8
30263,beijing,北京,203,奥体中心,224,174,0,1.5,101,3,20,19,重度污染,2015-09-17,8
30264,beijing,北京,203,官园,208,158,0,1.2,68,5,52,16,重度污染,2015-09-17,8
30265,beijing,北京,203,定陵,156,119,0,0.9,21,2,53,66,中度污染,2015-09-17,8
30266,beijing,北京,203,怀柔镇,162,123,0,1,18,2,47,69,中度污染,2015-09-17,8
30267,beijing,北京,203,昌平镇,163,124,0,1.1,41,3,46,56,中度污染,2015-09-17,8
30268,beijing,北京,203,海淀区万柳,209,159,0,1.5,88,4,9,8,重度污染,2015-09-17,8
30269,beijing,北京,203,顺义新城,196,147,0,0.9,50,2,21,15,中度污染,2015-09-17,8
31203,beijing,北京,209,万寿西宫,218,168,0,1.3,61,6,63,18,重度污染,2015-09-17,9
31204,beijing,北京,209,东四,235,185,0,1.4,75,5,31,9,重度污染,2015-09-17,9
31205,beijing,北京,209,农展馆,239,189,0,1.3,82,7,24,5,重度污染,2015-09-17,9
31206,beijing,北京,209,古城,210,160,176,1.2,44,4,33,28,重度污染,2015-09-17,9
31207,beijing,北京,209,天坛,227,177,0,1.4,89,10,24,6,重度污染,2015-09-17,9
31208,beijing,北京,209,奥体中心,216,166,0,1.6,96,5,42,22,重度污染,2015-09-17,9
31209,beijing,北京,209,官园,212,162,163,1.2,61,9,62,22,重度污染,2015-09-17,9
31210,beijing,北京,209,定陵,160,122,129,0.9,17,3,77,64,中度污染,2015-09-17,9
31211,beijing,北京,209,怀柔镇,182,137,141,1.1,37,2,49,62,中度污染,2015-09-17,9
31212,beijing,北京,209,昌平镇,176,133,136,1.2,56,5,47,50,中度污染,2015-09-17,9
31213,beijing,北京,209,海淀区万柳,209,159,0,1.7,59,7,53,15,重度污染,2015-09-17,9
31214,beijing,北京,209,顺义新城,196,147,0,0.9,42,2,41,20,中度污染,2015-09-17,9
32148,beijing,北京,211,万寿西宫,238,188,197,1.5,77,7,51,22,重度污染,2015-09-17,10
32149,beijing,北京,211,东四,112,0,174,1.2,57,9,71,17,轻度污染,2015-09-17,10
32150,beijing,北京,211,农展馆,239,189,0,1.3,88,10,39,10,重度污染,2015-09-17,10
32151,beijing,北京,211,古城,207,157,164,1.1,35,6,75,31,重度污染,2015-09-17,10
32152,beijing,北京,211,天坛,235,185,0,1.5,105,11,24,9,重度污染,2015-09-17,10
32153,beijing,北京,211,奥体中心,209,159,167,1.5,76,7,78,29,重度污染,2015-09-17,10
32154,beijing,北京,211,官园,212,162,0,1.2,56,9,91,33,重度污染,2015-09-17,10
32155,beijing,北京,211,定陵,175,132,137,1,21,4,90,64,中度污染,2015-09-17,10
32156,beijing,北京,211,怀柔镇,179,135,154,1,39,6,74,59,中度污染,2015-09-17,10
32157,beijing,北京,211,昌平镇,192,144,148,1.3,70,6,41,46,中度污染,2015-09-17,10
32158,beijing,北京,211,海淀区万柳,204,154,170,1.3,50,9,79,26,重度污染,2015-09-17,10
32159,beijing,北京,211,顺义新城,216,166,173,1,47,5,58,27,重度污染,2015-09-17,10
33093,beijing,北京,219,万寿西宫,247,197,0,1.5,73,10,88,31,重度污染,2015-09-17,11
33094,beijing,北京,219,东四,119,0,187,1.3,55,12,97,29,轻度污染,2015-09-17,11
33095,beijing,北京,219,农展馆,239,189,0,1.3,88,0,58,17,重度污染,2015-09-17,11
33096,beijing,北京,219,古城,113,0,175,0.8,0,9,91,35,轻度污染,2015-09-17,11
33097,beijing,北京,219,天坛,245,195,0,1.4,83,13,70,17,重度污染,2015-09-17,11
33098,beijing,北京,219,奥体中心,207,157,168,1.5,64,11,118,44,重度污染,2015-09-17,11
33099,beijing,北京,219,官园,221,171,173,1.3,53,12,124,48,重度污染,2015-09-17,11
33100,beijing,北京,219,定陵,186,140,145,1,25,7,119,69,中度污染,2015-09-17,11
33101,beijing,北京,219,怀柔镇,178,134,151,1,22,12,120,62,中度污染,2015-09-17,11
33102,beijing,北京,219,昌平镇,200,150,150,1.3,83,8,57,46,中度污染,2015-09-17,11
33103,beijing,北京,219,海淀区万柳,211,161,0,1.2,47,12,104,41,重度污染,2015-09-17,11
33104,beijing,北京,219,顺义新城,243,193,218,1.1,60,6,67,34,重度污染,2015-09-17,11
34038,beijing,北京,218,万寿西宫,229,179,180,1.4,63,15,130,46,重度污染,2015-09-17,12
34039,beijing,北京,218,东四,168,127,184,0,0,0,0,0,中度污染,2015-09-17,12
34040,beijing,北京,218,农展馆,244,194,0,0,0,0,0,0,重度污染,2015-09-17,12
34041,beijing,北京,218,古城,59,0,0,1,0,12,167,55,良,2015-09-17,12
34042,beijing,北京,218,天坛,229,179,0,1.4,74,16,104,30,重度污染,2015-09-17,12
34043,beijing,北京,218,奥体中心,219,169,187,1.6,60,15,164,64,重度污染,2015-09-17,12
34044,beijing,北京,218,官园,216,166,166,1.3,54,14,155,67,重度污染,2015-09-17,12
34045,beijing,北京,218,定陵,201,151,164,1.1,30,10,147,79,重度污染,2015-09-17,12
34046,beijing,北京,218,怀柔镇,205,155,176,1.1,23,17,149,72,重度污染,2015-09-17,12
34047,beijing,北京,218,昌平镇,204,154,0,1.2,59,10,109,50,重度污染,2015-09-17,12
34048,beijing,北京,218,海淀区万柳,214,164,164,1.2,43,13,142,53,重度污染,2015-09-17,12
34049,beijing,北京,218,顺义新城,260,210,214,1.2,61,7,113,45,重度污染,2015-09-17,12
34983,beijing,北京,211,万寿西宫,216,166,184,1.4,68,20,145,64,重度污染,2015-09-17,13
34984,beijing,北京,211,东四,226,176,184,0,0,0,0,0,重度污染,2015-09-17,13
34985,beijing,北京,211,农展馆,246,196,0,0,0,0,0,0,重度污染,2015-09-17,13
34986,beijing,北京,211,古城,134,102,168,1,31,14,194,78,轻度污染,2015-09-17,13
34987,beijing,北京,211,天坛,228,178,0,1.3,89,21,110,43,重度污染,2015-09-17,13
34988,beijing,北京,211,奥体中心,215,165,178,1.7,68,19,180,85,重度污染,2015-09-17,13
34989,beijing,北京,211,官园,202,152,158,1.2,48,20,183,90,重度污染,2015-09-17,13
34990,beijing,北京,211,定陵,196,147,167,1.1,29,10,174,94,中度污染,2015-09-17,13
34991,beijing,北京,211,怀柔镇,201,151,167,1.1,17,15,178,88,重度污染,2015-09-17,13
34992,beijing,北京,211,昌平镇,214,164,0,1.2,44,11,155,64,重度污染,2015-09-17,13
34993,beijing,北京,211,海淀区万柳,185,139,144,1.2,34,18,165,72,中度污染,2015-09-17,13
34994,beijing,北京,211,顺义新城,245,195,0,1.2,62,7,140,60,重度污染,2015-09-17,13
35928,beijing,北京,194,万寿西宫,144,110,0,1.1,26,20,184,87,轻度污染,2015-09-17,14
35929,beijing,北京,194,东四,204,154,0,0,0,0,0,0,重度污染,2015-09-17,14
35930,beijing,北京,194,农展馆,208,158,0,0,0,0,0,0,重度污染,2015-09-17,14
35931,beijing,北京,194,古城,166,126,139,0.9,22,20,202,101,中度污染,2015-09-17,14
35932,beijing,北京,194,天坛,165,125,0,1,31,23,165,64,中度污染,2015-09-17,14
35933,beijing,北京,194,奥体中心,208,158,179,1.6,66,26,200,105,重度污染,2015-09-17,14
35934,beijing,北京,194,官园,103,0,0,1.1,33,25,206,114,轻度污染,2015-09-17,14
35935,beijing,北京,194,定陵,186,140,149,1,21,12,204,114,中度污染,2015-09-17,14
35936,beijing,北京,194,怀柔镇,207,157,159,1.1,18,13,210,109,重度污染,2015-09-17,14
35937,beijing,北京,194,昌平镇,203,153,0,1.1,34,11,191,86,重度污染,2015-09-17,14
35938,beijing,北京,194,海淀区万柳,172,130,0,1.1,28,26,184,93,中度污染,2015-09-17,14
35939,beijing,北京,194,顺义新城,242,192,0,1.3,67,9,159,78,重度污染,2015-09-17,14
36873,beijing,北京,173,万寿西宫,144,110,119,1.2,22,19,190,110,轻度污染,2015-09-17,15
36874,beijing,北京,173,东四,144,110,0,0,0,0,0,0,轻度污染,2015-09-17,15
36875,beijing,北京,173,农展馆,156,119,0,0,0,0,0,0,中度污染,2015-09-17,15
36876,beijing,北京,173,古城,155,118,143,1,22,21,212,125,中度污染,2015-09-17,15
36877,beijing,北京,173,天坛,135,103,0,0.9,18,24,168,84,轻度污染,2015-09-17,15
36878,beijing,北京,173,奥体中心,152,116,127,1.5,32,27,221,128,中度污染,2015-09-17,15
36879,beijing,北京,173,官园,109,0,113,1.2,26,23,218,136,轻度污染,2015-09-17,15
36880,beijing,北京,173,定陵,185,139,150,1,22,10,226,136,中度污染,2015-09-17,15
36881,beijing,北京,173,怀柔镇,217,167,0,1.2,23,13,234,133,重度污染,2015-09-17,15
36882,beijing,北京,173,昌平镇,200,150,154,1.3,37,11,223,109,中度污染,2015-09-17,15
36883,beijing,北京,173,海淀区万柳,150,115,0,1.1,23,24,195,116,轻度污染,2015-09-17,15
36884,beijing,北京,173,顺义新城,239,189,0,1.2,68,9,171,96,重度污染,2015-09-17,15
37818,beijing,北京,160,万寿西宫,137,104,119,1.2,22,19,192,130,轻度污染,2015-09-17,16
37819,beijing,北京,160,东四,139,106,117,0,0,0,0,0,轻度污染,2015-09-17,16
37820,beijing,北京,160,农展馆,139,106,0,0,0,0,0,0,轻度污染,2015-09-17,16
37821,beijing,北京,160,古城,138,105,126,0.9,19,19,201,147,轻度污染,2015-09-17,16
37822,beijing,北京,160,天坛,129,98,101,1,17,25,172,105,轻度污染,2015-09-17,16
37823,beijing,北京,160,奥体中心,144,110,139,1.4,32,23,226,154,轻度污染,2015-09-17,16
37824,beijing,北京,160,官园,144,110,125,1.1,26,18,221,158,轻度污染,2015-09-17,16
37825,beijing,北京,160,定陵,185,139,153,1.1,26,11,263,162,中度污染,2015-09-17,16
37826,beijing,北京,160,怀柔镇,211,161,0,1.2,25,15,259,159,重度污染,2015-09-17,16
37827,beijing,北京,160,昌平镇,188,141,154,1.3,38,11,227,131,中度污染,2015-09-17,16
37828,beijing,北京,160,海淀区万柳,152,116,0,1.1,29,19,189,139,中度污染,2015-09-17,16
37829,beijing,北京,160,顺义新城,211,161,0,1.1,45,9,199,118,重度污染,2015-09-17,16
38763,beijing,北京,156,万寿西宫,139,106,123,1.2,26,16,188,146,轻度污染,2015-09-17,17
38764,beijing,北京,156,东四,138,105,117,0,0,0,0,0,轻度污染,2015-09-17,17
38765,beijing,北京,156,农展馆,142,108,0,0,0,0,0,0,轻度污染,2015-09-17,17
38766,beijing,北京,156,古城,140,107,148,0.9,25,17,193,167,轻度污染,2015-09-17,17
38767,beijing,北京,156,天坛,125,95,103,1,17,22,171,123,轻度污染,2015-09-17,17
38768,beijing,北京,156,奥体中心,140,107,138,1.4,33,23,220,176,轻度污染,2015-09-17,17
38769,beijing,北京,156,官园,137,104,128,1.1,25,17,219,177,轻度污染,2015-09-17,17
38770,beijing,北京,156,定陵,189,142,166,1.1,27,11,259,185,中度污染,2015-09-17,17
38771,beijing,北京,156,怀柔镇,222,172,186,1.3,34,13,251,184,重度污染,2015-09-17,17
38772,beijing,北京,156,昌平镇,202,152,0,1.3,39,10,226,154,重度污染,2015-09-17,17
38773,beijing,北京,156,海淀区万柳,143,109,110,1.1,29,18,182,155,轻度污染,2015-09-17,17
38774,beijing,北京,156,顺义新城,160,122,0,1,33,10,188,137,中度污染,2015-09-17,17
39708,beijing,北京,168,万寿西宫,159,121,141,1.2,33,16,176,162,中度污染,2015-09-17,18
39709,beijing,北京,168,东四,155,118,137,1.1,25,20,181,139,中度污染,2015-09-17,18
39710,beijing,北京,168,农展馆,148,113,119,1.1,36,19,191,124,轻度污染,2015-09-17,18
39711,beijing,北京,168,古城,159,121,178,1,34,13,185,181,中度污染,2015-09-17,18
39712,beijing,北京,168,天坛,139,106,118,1,23,23,164,140,轻度污染,2015-09-17,18
39713,beijing,北京,168,奥体中心,0,0,0,0,0,0,0,0,0,2015-09-17,18
39714,beijing,北京,168,官园,149,114,149,1.2,29,16,209,192,轻度污染,2015-09-17,18
39715,beijing,北京,168,定陵,183,138,166,1.2,25,7,202,199,中度污染,2015-09-17,18
39716,beijing,北京,168,怀柔镇,234,184,207,1.3,52,10,212,202,重度污染,2015-09-17,18
39717,beijing,北京,168,昌平镇,201,151,165,1.4,44,9,209,175,重度污染,2015-09-17,18
39718,beijing,北京,168,海淀区万柳,152,116,140,1.1,40,16,173,167,中度污染,2015-09-17,18
39719,beijing,北京,168,顺义新城,153,117,127,1.2,45,10,162,150,中度污染,2015-09-17,18
40653,beijing,北京,181,万寿西宫,180,136,160,1.3,45,14,144,169,中度污染,2015-09-17,19
40654,beijing,北京,181,东四,175,132,148,1.2,35,23,166,174,中度污染,2015-09-17,19
40655,beijing,北京,181,农展馆,163,124,125,1.2,43,20,175,183,中度污染,2015-09-17,19
40656,beijing,北京,181,古城,169,128,193,1.1,46,12,150,188,中度污染,2015-09-17,19
40657,beijing,北京,181,天坛,153,117,127,1.1,32,19,141,149,中度污染,2015-09-17,19
40658,beijing,北京,181,奥体中心,170,129,169,1.5,55,20,187,200,中度污染,2015-09-17,19
40659,beijing,北京,181,官园,179,135,154,1.3,34,18,189,200,中度污染,2015-09-17,19
40660,beijing,北京,181,定陵,169,128,131,1.1,22,4,171,206,中度污染,2015-09-17,19
40661,beijing,北京,181,怀柔镇,237,187,194,1.4,52,7,184,210,重度污染,2015-09-17,19
40662,beijing,北京,181,昌平镇,210,160,173,1.4,56,7,181,190,重度污染,2015-09-17,19
40663,beijing,北京,181,海淀区万柳,168,127,146,1.3,62,14,126,170,中度污染,2015-09-17,19
40664,beijing,北京,181,顺义新城,175,132,170,1.3,93,5,90,153,中度污染,2015-09-17,19
41598,beijing,北京,193,万寿西宫,192,144,176,1.4,58,10,99,165,中度污染,2015-09-17,20
41599,beijing,北京,193,东四,192,144,170,1.4,54,25,125,157,中度污染,2015-09-17,20
41600,beijing,北京,193,农展馆,176,133,136,1.4,78,18,119,162,中度污染,2015-09-17,20
41601,beijing,北京,193,古城,202,152,225,1.4,62,11,111,181,重度污染,2015-09-17,20
41602,beijing,北京,193,天坛,155,118,135,1.2,44,10,66,145,中度污染,2015-09-17,20
41603,beijing,北京,193,奥体中心,199,149,195,1.8,89,22,135,196,中度污染,2015-09-17,20
41604,beijing,北京,193,官园,190,143,175,1.5,52,17,137,198,中度污染,2015-09-17,20
41605,beijing,北京,193,定陵,179,135,0,1.1,21,3,163,208,中度污染,2015-09-17,20
41606,beijing,北京,193,怀柔镇,230,180,188,1.4,33,3,154,210,重度污染,2015-09-17,20
41607,beijing,北京,193,昌平镇,205,155,0,1.4,49,5,137,194,重度污染,2015-09-17,20
41608,beijing,北京,193,海淀区万柳,175,132,161,1.4,94,12,71,161,中度污染,2015-09-17,20
41609,beijing,北京,193,顺义新城,202,152,184,1.6,143,2,13,140,重度污染,2015-09-17,20
42543,beijing,北京,205,万寿西宫,220,170,203,1.6,79,5,57,154,重度污染,2015-09-17,21
42544,beijing,北京,205,东四,210,160,192,1.6,78,27,89,140,重度污染,2015-09-17,21
42545,beijing,北京,205,农展馆,200,150,154,1.5,103,19,78,141,中度污染,2015-09-17,21
42546,beijing,北京,205,古城,223,173,271,1.6,99,9,49,163,重度污染,2015-09-17,21
42547,beijing,北京,205,天坛,168,127,139,1.3,68,9,31,135,中度污染,2015-09-17,21
42548,beijing,北京,205,奥体中心,214,164,209,1.9,105,21,104,185,重度污染,2015-09-17,21
42549,beijing,北京,205,官园,201,151,179,1.7,63,13,109,188,重度污染,2015-09-17,21
42550,beijing,北京,205,定陵,182,137,0,1.1,18,4,161,206,中度污染,2015-09-17,21
42551,beijing,北京,205,怀柔镇,228,178,0,1.3,24,2,140,206,重度污染,2015-09-17,21
42552,beijing,北京,205,昌平镇,188,141,0,1.2,35,4,137,191,中度污染,2015-09-17,21
42553,beijing,北京,205,海淀区万柳,188,141,165,1.6,127,11,29,144,中度污染,2015-09-17,21
42554,beijing,北京,205,顺义新城,209,159,175,1.6,149,2,2,123,重度污染,2015-09-17,21
43488,beijing,北京,209,万寿西宫,228,178,184,2,96,4,36,135,重度污染,2015-09-17,22
43489,beijing,北京,209,东四,220,170,203,1.8,122,23,49,122,重度污染,2015-09-17,22
43490,beijing,北京,209,农展馆,207,157,0,1.7,98,14,63,125,重度污染,2015-09-17,22
43491,beijing,北京,209,古城,218,168,246,1.4,114,7,16,140,重度污染,2015-09-17,22
43492,beijing,北京,209,天坛,193,145,167,1.6,117,10,13,116,中度污染,2015-09-17,22
43493,beijing,北京,209,奥体中心,227,177,217,2.4,167,21,47,163,重度污染,2015-09-17,22
43494,beijing,北京,209,官园,208,158,185,1.7,62,14,110,176,重度污染,2015-09-17,22
43495,beijing,北京,209,定陵,179,135,0,1.1,17,4,162,201,中度污染,2015-09-17,22
43496,beijing,北京,209,怀柔镇,211,161,0,1.3,20,2,123,195,重度污染,2015-09-17,22
43497,beijing,北京,209,昌平镇,192,144,0,1.2,33,4,134,184,中度污染,2015-09-17,22
43498,beijing,北京,209,海淀区万柳,188,141,173,1.6,103,8,28,124,中度污染,2015-09-17,22
43499,beijing,北京,209,顺义新城,214,164,167,1.4,113,2,2,103,重度污染,2015-09-17,22
44433,beijing,北京,211,万寿西宫,212,162,174,2.1,140,4,3,112,重度污染,2015-09-17,23
44434,beijing,北京,211,东四,220,170,203,1.9,127,19,39,108,重度污染,2015-09-17,23
44435,beijing,北京,211,农展馆,215,165,0,2.1,153,11,9,106,重度污染,2015-09-17,23
44436,beijing,北京,211,古城,196,147,179,1.4,67,5,54,120,中度污染,2015-09-17,23
44437,beijing,北京,211,天坛,193,145,159,1.7,104,10,3,95,中度污染,2015-09-17,23
44438,beijing,北京,211,奥体中心,230,180,229,2.5,188,13,13,133,重度污染,2015-09-17,23
44439,beijing,北京,211,官园,210,160,188,1.9,92,12,61,157,重度污染,2015-09-17,23
44440,beijing,北京,211,定陵,183,138,145,1.1,17,5,160,193,中度污染,2015-09-17,23
44441,beijing,北京,211,怀柔镇,226,176,0,1.3,36,2,86,176,重度污染,2015-09-17,23
44442,beijing,北京,211,昌平镇,205,155,157,1.3,95,4,57,164,重度污染,2015-09-17,23
44443,beijing,北京,211,海淀区万柳,200,150,172,1.6,109,5,9,101,中度污染,2015-09-17,23
44444,beijing,北京,211,顺义新城,228,178,0,1.3,88,2,2,82,重度污染,2015-09-17,23
45378,beijing,北京,225,万寿西宫,224,174,0,2,123,4,9,89,重度污染,2015-09-18,0
45379,beijing,北京,225,东四,233,183,226,1.9,124,14,26,96,重度污染,2015-09-18,0
45380,beijing,北京,225,农展馆,213,163,173,2.1,145,8,3,91,重度污染,2015-09-18,0
45381,beijing,北京,225,古城,186,140,172,1.3,64,4,40,100,中度污染,2015-09-18,0
45382,beijing,北京,225,天坛,195,146,164,2,111,10,3,74,中度污染,2015-09-18,0
45383,beijing,北京,225,奥体中心,291,241,272,2,145,8,36,106,重度污染,2015-09-18,0
45384,beijing,北京,225,官园,249,199,239,1.7,96,7,38,134,重度污染,2015-09-18,0
45385,beijing,北京,225,定陵,186,140,0,1.1,20,2,119,175,中度污染,2015-09-18,0
45386,beijing,北京,225,怀柔镇,212,162,0,1.2,15,2,101,156,重度污染,2015-09-18,0
45387,beijing,北京,225,昌平镇,216,166,0,1.4,145,4,2,135,重度污染,2015-09-18,0
45388,beijing,北京,225,海淀区万柳,259,209,226,1.5,73,6,50,84,重度污染,2015-09-18,0
45389,beijing,北京,225,顺义新城,227,177,0,1.2,80,2,9,58,重度污染,2015-09-18,0
46323,beijing,北京,243,万寿西宫,263,213,246,1.8,89,2,20,68,重度污染,2015-09-18,1
46324,beijing,北京,243,东四,305,255,281,1.8,113,7,17,86,严重污染,2015-09-18,1
46325,beijing,北京,243,农展馆,240,190,207,2.2,151,6,2,80,重度污染,2015-09-18,1
46326,beijing,北京,243,古城,207,157,207,1.4,64,2,30,79,重度污染,2015-09-18,1
46327,beijing,北京,243,天坛,223,173,195,1.9,117,10,2,53,重度污染,2015-09-18,1
46328,beijing,北京,243,奥体中心,302,252,0,2,117,6,39,80,严重污染,2015-09-18,1
46329,beijing,北京,243,官园,286,236,263,1.7,95,4,22,109,重度污染,2015-09-18,1
46330,beijing,北京,243,定陵,186,140,0,1.1,24,2,92,154,中度污染,2015-09-18,1
46331,beijing,北京,243,怀柔镇,200,150,0,1.1,9,2,110,139,中度污染,2015-09-18,1
46332,beijing,北京,243,昌平镇,211,161,0,1.2,90,3,37,112,重度污染,2015-09-18,1
46333,beijing,北京,243,海淀区万柳,260,210,231,1.5,76,3,32,65,重度污染,2015-09-18,1
46334,beijing,北京,243,顺义新城,225,175,0,1,45,2,25,38,重度污染,2015-09-18,1
47268,beijing,北京,250,万寿西宫,272,222,0,1.9,91,2,3,46,重度污染,2015-09-18,2
47269,beijing,北京,250,东四,298,248,0,1.7,101,4,8,65,重度污染,2015-09-18,2
47270,beijing,北京,250,农展馆,277,227,0,2.1,128,3,2,56,重度污染,2015-09-18,2
47271,beijing,北京,250,古城,228,178,183,1.3,50,2,48,62,重度污染,2015-09-18,2
47272,beijing,北京,250,天坛,259,209,0,1.8,112,7,2,33,重度污染,2015-09-18,2
47273,beijing,北京,250,奥体中心,287,237,0,1.8,96,3,34,74,重度污染,2015-09-18,2
47274,beijing,北京,250,官园,287,237,0,1.8,100,2,7,84,重度污染,2015-09-18,2
47275,beijing,北京,250,定陵,192,144,150,1.1,23,2,82,139,中度污染,2015-09-18,2
47276,beijing,北京,250,怀柔镇,192,144,0,1.1,8,2,106,126,中度污染,2015-09-18,2
47277,beijing,北京,250,昌平镇,206,156,0,1.1,39,4,68,94,重度污染,2015-09-18,2
47278,beijing,北京,250,海淀区万柳,255,205,0,1.5,78,2,11,44,重度污染,2015-09-18,2
47279,beijing,北京,250,顺义新城,241,191,0,0.7,25,6,14,20,重度污染,2015-09-18,2
48213,beijing,北京,243,万寿西宫,284,234,0,1.8,94,2,4,29,重度污染,2015-09-18,3
48214,beijing,北京,243,东四,301,251,0,1.3,86,3,6,45,严重污染,2015-09-18,3
48215,beijing,北京,243,农展馆,280,230,0,1.9,112,2,2,35,重度污染,2015-09-18,3
48216,beijing,北京,243,古城,206,156,0,1.2,32,2,71,52,重度污染,2015-09-18,3
48217,beijing,北京,243,天坛,264,214,0,1.7,99,7,3,15,重度污染,2015-09-18,3
48218,beijing,北京,243,奥体中心,278,228,0,1.6,94,3,26,54,重度污染,2015-09-18,3
48219,beijing,北京,243,官园,278,228,0,1.6,79,2,21,63,重度污染,2015-09-18,3
48220,beijing,北京,243,定陵,125,95,0,0.9,13,3,133,134,轻度污染,2015-09-18,3
48221,beijing,北京,243,怀柔镇,192,144,0,1.1,7,2,99,115,中度污染,2015-09-18,3
48222,beijing,北京,243,昌平镇,180,136,0,1.1,37,3,69,80,中度污染,2015-09-18,3
48223,beijing,北京,243,海淀区万柳,251,201,0,1.5,89,2,2,29,重度污染,2015-09-18,3
48224,beijing,北京,243,顺义新城,243,193,0,0.8,27,2,15,10,重度污染,2015-09-18,3
49158,beijing,北京,219,万寿西宫,276,226,0,1.5,54,2,38,21,重度污染,2015-09-18,4
49159,beijing,北京,219,东四,273,223,0,1,72,4,35,34,重度污染,2015-09-18,4
49160,beijing,北京,219,农展馆,264,214,0,1.3,69,3,28,23,重度污染,2015-09-18,4
49161,beijing,北京,219,古城,200,150,0,1.2,23,2,78,48,中度污染,2015-09-18,4
49162,beijing,北京,219,天坛,258,208,0,1.4,76,7,18,9,重度污染,2015-09-18,4
49163,beijing,北京,219,奥体中心,256,206,0,1.5,107,3,0,0,重度污染,2015-09-18,4
49164,beijing,北京,219,官园,247,197,0,1.4,68,3,49,52,重度污染,2015-09-18,4
49165,beijing,北京,219,定陵,45,31,0,0.8,13,2,99,126,优,2015-09-18,4
49166,beijing,北京,219,怀柔镇,193,145,0,1.1,7,2,99,108,中度污染,2015-09-18,4
49167,beijing,北京,219,昌平镇,58,41,0,0.9,31,3,58,70,良,2015-09-18,4
49168,beijing,北京,219,海淀区万柳,235,185,0,1.3,40,2,50,26,重度污染,2015-09-18,4
49169,beijing,北京,219,顺义新城,252,202,0,0.7,33,2,32,13,重度污染,2015-09-18,4
50103,beijing,北京,170,万寿西宫,240,190,0,1.3,57,2,43,20,重度污染,2015-09-18,5
50104,beijing,北京,170,东四,192,144,0,1,39,4,68,31,中度污染,2015-09-18,5
50105,beijing,北京,170,农展馆,169,128,0,1,41,4,74,23,中度污染,2015-09-18,5
50106,beijing,北京,170,古城,180,136,0,1,18,2,80,52,中度污染,2015-09-18,5
50107,beijing,北京,170,天坛,210,160,0,1.1,49,5,32,10,重度污染,2015-09-18,5
50108,beijing,北京,170,奥体中心,115,87,0,1,32,3,104,43,轻度污染,2015-09-18,5
50109,beijing,北京,170,官园,213,163,0,1.2,75,2,46,44,重度污染,2015-09-18,5
50110,beijing,北京,170,定陵,60,43,0,0.8,13,2,87,117,良,2015-09-18,5
50111,beijing,北京,170,怀柔镇,145,111,0,1,9,2,91,102,轻度污染,2015-09-18,5
50112,beijing,北京,170,昌平镇,60,43,0,0.8,23,2,68,62,良,2015-09-18,5
50113,beijing,北京,170,海淀区万柳,204,154,0,1.1,37,2,48,29,重度污染,2015-09-18,5
50114,beijing,北京,170,顺义新城,232,182,0,0.8,28,2,50,19,重度污染,2015-09-18,5
51048,beijing,北京,113,万寿西宫,120,91,0,1,28,2,81,25,轻度污染,2015-09-18,6
51049,beijing,北京,113,东四,69,50,0,0.8,25,5,93,36,良,2015-09-18,6
51050,beijing,北京,113,农展馆,162,123,0,1.1,63,2,38,20,中度污染,2015-09-18,6
51051,beijing,北京,113,古城,192,144,0,1,35,2,59,58,中度污染,2015-09-18,6
51052,beijing,北京,113,天坛,94,70,0,0.9,35,5,52,14,良,2015-09-18,6
51053,beijing,北京,113,奥体中心,73,53,0,1,31,3,108,51,良,2015-09-18,6
51054,beijing,北京,113,官园,99,74,0,0.9,37,3,92,42,良,2015-09-18,6
51055,beijing,北京,113,定陵,60,43,0,0.6,8,2,104,110,良,2015-09-18,6
51056,beijing,北京,113,怀柔镇,119,90,0,0.9,15,2,69,95,轻度污染,2015-09-18,6
51057,beijing,北京,113,昌平镇,57,40,0,0.7,18,2,77,54,良,2015-09-18,6
51058,beijing,北京,113,海淀区万柳,123,93,0,0.9,43,2,40,30,轻度污染,2015-09-18,6
51059,beijing,北京,113,顺义新城,195,146,0,1,20,2,85,29,中度污染,2015-09-18,6
51993,beijing,北京,102,万寿西宫,77,56,0,0.9,27,2,63,33,良,2015-09-18,7
51994,beijing,北京,102,东四,108,81,0,1,49,4,68,40,轻度污染,2015-09-18,7
51995,beijing,北京,102,农展馆,212,162,0,1.2,61,3,45,24,重度污染,2015-09-18,7
51996,beijing,北京,102,古城,133,101,0,0.9,46,2,37,55,轻度污染,2015-09-18,7
51997,beijing,北京,102,天坛,70,51,0,0.8,33,3,31,18,良,2015-09-18,7
51998,beijing,北京,102,奥体中心,118,89,0,1.2,63,2,68,59,轻度污染,2015-09-18,7
51999,beijing,北京,102,官园,75,55,0,1,60,2,51,41,良,2015-09-18,7
52000,beijing,北京,102,定陵,68,49,0,0.7,9,2,86,100,良,2015-09-18,7
52001,beijing,北京,102,怀柔镇,78,57,0,0.8,18,2,62,92,良,2015-09-18,7
52002,beijing,北京,102,昌平镇,68,49,0,0.7,24,2,58,55,良,2015-09-18,7
52003,beijing,北京,102,海淀区万柳,99,74,0,1.1,67,2,8,30,良,2015-09-18,7
52004,beijing,北京,102,顺义新城,122,92,0,0.8,24,2,78,38,轻度污染,2015-09-18,7
52938,beijing,北京,108,万寿西宫,89,66,0,1.1,43,2,54,38,良,2015-09-18,8
52939,beijing,北京,108,东四,138,105,0,1.1,67,4,58,44,轻度污染,2015-09-18,8
52940,beijing,北京,108,农展馆,186,140,0,1.1,56,3,55,31,中度污染,2015-09-18,8
52941,beijing,北京,108,古城,100,75,0,0.9,52,2,35,55,良,2015-09-18,8
52942,beijing,北京,108,天坛,125,95,0,1.1,60,4,19,20,轻度污染,2015-09-18,8
52943,beijing,北京,108,奥体中心,155,118,0,1.3,75,3,63,63,中度污染,2015-09-18,8
52944,beijing,北京,108,官园,95,71,0,1.2,82,3,31,40,良,2015-09-18,8
52945,beijing,北京,108,定陵,79,58,0,0.7,14,2,71,94,良,2015-09-18,8
52946,beijing,北京,108,怀柔镇,72,52,0,0.9,18,2,54,86,良,2015-09-18,8
52947,beijing,北京,108,昌平镇,87,64,0,0.9,35,3,54,61,良,2015-09-18,8
52948,beijing,北京,108,海淀区万柳,93,69,0,1.1,72,2,5,24,良,2015-09-18,8
52949,beijing,北京,108,顺义新城,84,62,0,0.7,24,2,77,47,良,2015-09-18,8
53883,beijing,北京,109,万寿西宫,173,131,0,1.2,55,2,67,44,中度污染,2015-09-18,9
53884,beijing,北京,109,东四,112,84,0,1,54,4,67,50,轻度污染,2015-09-18,9
53885,beijing,北京,109,农展馆,112,84,0,0.9,52,4,68,39,轻度污染,2015-09-18,9
53886,beijing,北京,109,古城,108,81,0,0.8,36,2,77,61,轻度污染,2015-09-18,9
53887,beijing,北京,109,天坛,114,86,0,1.1,86,7,32,24,轻度污染,2015-09-18,9
53888,beijing,北京,109,奥体中心,114,86,0,1.1,52,4,86,70,轻度污染,2015-09-18,9
53889,beijing,北京,109,官园,128,97,0,1.2,64,4,63,45,轻度污染,2015-09-18,9
53890,beijing,北京,109,定陵,77,56,0,0.7,14,6,81,93,良,2015-09-18,9
53891,beijing,北京,109,怀柔镇,100,75,0,0.9,20,2,64,80,良,2015-09-18,9
53892,beijing,北京,109,昌平镇,94,70,0,0.9,33,7,57,64,良,2015-09-18,9
53893,beijing,北京,109,海淀区万柳,105,79,0,1.1,61,5,34,25,轻度污染,2015-09-18,9
53894,beijing,北京,109,顺义新城,78,57,0,0.7,19,2,80,54,良,2015-09-18,9
54828,beijing,北京,95,万寿西宫,104,78,0,1.1,46,4,81,54,轻度污染,2015-09-18,10
54829,beijing,北京,95,东四,100,75,0,1,42,5,78,59,良,2015-09-18,10
54830,beijing,北京,95,农展馆,95,71,0,0.9,32,5,92,50,良,2015-09-18,10
54831,beijing,北京,95,古城,107,80,81,0.8,33,4,84,65,轻度污染,2015-09-18,10
54832,beijing,北京,95,天坛,95,71,0,1,63,8,49,30,良,2015-09-18,10
54833,beijing,北京,95,奥体中心,112,84,87,1.1,42,5,95,79,轻度污染,2015-09-18,10
54834,beijing,北京,95,官园,113,85,0,1.1,47,6,86,55,轻度污染,2015-09-18,10
54835,beijing,北京,95,定陵,62,44,0,0.7,14,10,84,93,良,2015-09-18,10
54836,beijing,北京,95,怀柔镇,84,62,0,0.9,20,3,83,78,良,2015-09-18,10
54837,beijing,北京,95,昌平镇,77,56,0,0.9,27,10,62,63,良,2015-09-18,10
54838,beijing,北京,95,海淀区万柳,118,89,0,1,43,6,60,31,轻度污染,2015-09-18,10
54839,beijing,北京,95,顺义新城,69,50,0,0.7,15,2,99,64,良,2015-09-18,10
55773,beijing,北京,92,万寿西宫,105,79,0,1.1,39,6,90,65,轻度污染,2015-09-18,11
55774,beijing,北京,92,东四,105,79,0,0.9,33,6,87,69,轻度污染,2015-09-18,11
55775,beijing,北京,92,农展馆,100,75,0,0.9,31,7,96,62,良,2015-09-18,11
55776,beijing,北京,92,古城,103,77,0,0.7,29,4,0,0,轻度污染,2015-09-18,11
55777,beijing,北京,92,天坛,109,82,0,1,54,8,59,36,轻度污染,2015-09-18,11
55778,beijing,北京,92,奥体中心,104,78,0,1.1,39,8,95,88,轻度污染,2015-09-18,11
55779,beijing,北京,92,官园,115,87,0,1,46,7,86,63,轻度污染,2015-09-18,11
55780,beijing,北京,92,定陵,43,30,0,0.5,11,5,92,88,优,2015-09-18,11
55781,beijing,北京,92,怀柔镇,82,60,65,0.9,18,2,102,78,良,2015-09-18,11
55782,beijing,北京,92,昌平镇,38,26,0,0.7,25,8,67,63,优,2015-09-18,11
55783,beijing,北京,92,海淀区万柳,110,83,0,0.9,37,7,63,38,轻度污染,2015-09-18,11
55784,beijing,北京,92,顺义新城,79,58,0,0.7,19,2,104,76,良,2015-09-18,11
56718,beijing,北京,67,万寿西宫,60,43,0,0.8,26,5,97,72,良,2015-09-18,12
56719,beijing,北京,67,东四,70,51,0,0.7,27,6,90,76,良,2015-09-18,12
56720,beijing,北京,67,农展馆,78,57,0,0.7,21,7,107,72,良,2015-09-18,12
56721,beijing,北京,67,古城,85,63,0,0.6,19,5,0,0,良,2015-09-18,12
56722,beijing,北京,67,天坛,87,64,0,0.8,51,9,64,42,良,2015-09-18,12
56723,beijing,北京,67,奥体中心,62,44,0,1,32,7,98,90,良,2015-09-18,12
56724,beijing,北京,67,官园,75,55,0,0.7,0,5,0,0,良,2015-09-18,12
56725,beijing,北京,67,定陵,32,21,0,0.4,10,3,100,88,优,2015-09-18,12
56726,beijing,北京,67,怀柔镇,69,50,0,0.7,8,2,111,80,良,2015-09-18,12
56727,beijing,北京,67,昌平镇,36,25,0,0.5,19,5,80,65,优,2015-09-18,12
56728,beijing,北京,67,海淀区万柳,64,46,0,0.6,11,6,91,44,良,2015-09-18,12
56729,beijing,北京,67,顺义新城,80,59,0,0.7,15,2,119,86,良,2015-09-18,12
57663,beijing,北京,39,万寿西宫,35,24,0,0.6,18,3,108,80,优,2015-09-18,13
57664,beijing,北京,39,东四,40,28,0,0.5,17,4,103,80,优,2015-09-18,13
57665,beijing,北京,39,农展馆,40,28,0,0.5,12,4,118,77,优,2015-09-18,13
57666,beijing,北京,39,古城,37,22,0,0.2,7,2,116,68,优,2015-09-18,13
57667,beijing,北京,39,天坛,54,38,0,0.6,38,7,79,48,良,2015-09-18,13
57668,beijing,北京,39,奥体中心,37,25,0,0.6,17,3,117,91,优,2015-09-18,13
57669,beijing,北京,39,官园,50,35,0,0.6,22,4,111,74,优,2015-09-18,13
57670,beijing,北京,39,定陵,34,18,0,0.3,9,2,108,91,优,2015-09-18,13
57671,beijing,北京,39,怀柔镇,32,22,0,0.4,2,2,90,79,优,2015-09-18,13
57672,beijing,北京,39,昌平镇,30,21,0,0.5,16,4,88,68,优,2015-09-18,13
57673,beijing,北京,39,海淀区万柳,33,19,0,0.4,4,4,103,50,优,2015-09-18,13
57674,beijing,北京,39,顺义新城,64,46,0,0.6,10,2,122,96,良,2015-09-18,13
58608,beijing,北京,41,万寿西宫,37,21,0,0.5,15,2,116,84,优,2015-09-18,14
58609,beijing,北京,41,东四,35,19,0,0.4,11,2,112,83,优,2015-09-18,14
58610,beijing,北京,41,农展馆,41,18,0,0.4,9,2,129,89,优,2015-09-18,14
58611,beijing,北京,41,古城,37,15,0,0.2,7,3,118,78,优,2015-09-18,14
58612,beijing,北京,41,天坛,35,24,0,0.4,25,5,99,54,优,2015-09-18,14
58613,beijing,北京,41,奥体中心,39,18,0,0.4,14,2,122,93,优,2015-09-18,14
58614,beijing,北京,41,官园,0,0,0,0,0,0,0,0,0,2015-09-18,14
58615,beijing,北京,41,定陵,36,10,0,0.3,8,2,114,92,优,2015-09-18,14
58616,beijing,北京,41,怀柔镇,33,16,33,0.4,3,2,95,83,优,2015-09-18,14
58617,beijing,北京,41,昌平镇,30,20,0,0.4,15,3,94,70,优,2015-09-18,14
58618,beijing,北京,41,海淀区万柳,34,12,0,0.4,5,4,106,59,优,2015-09-18,14
58619,beijing,北京,41,顺义新城,34,19,0,0.4,8,2,107,98,优,2015-09-18,14
59553,beijing,北京,44,万寿西宫,37,14,0,0.4,12,2,116,91,优,2015-09-18,15
59554,beijing,北京,44,东四,34,15,0,0.3,13,2,107,88,优,2015-09-18,15
59555,beijing,北京,44,农展馆,39,15,0,0.3,10,2,122,98,优,2015-09-18,15
59556,beijing,北京,44,古城,38,17,0,0.2,6,2,120,92,优,2015-09-18,15
59557,beijing,北京,44,天坛,31,21,0,0.3,28,4,98,62,优,2015-09-18,15
59558,beijing,北京,44,奥体中心,38,17,0,0.7,16,2,120,100,优,2015-09-18,15
59559,beijing,北京,44,官园,0,0,0,0,0,0,0,0,0,2015-09-18,15
59560,beijing,北京,44,定陵,38,4,9,0.3,11,2,119,96,优,2015-09-18,15
59561,beijing,北京,44,怀柔镇,0,0,0,0,0,0,0,0,0,2015-09-18,15
59562,beijing,北京,44,昌平镇,31,12,0,0.4,18,3,98,75,优,2015-09-18,15
59563,beijing,北京,44,海淀区万柳,36,16,0,0.4,5,3,113,72,优,2015-09-18,15
59564,beijing,北京,44,顺义新城,32,15,20,0.3,10,2,102,101,优,2015-09-18,15
60498,beijing,北京,48,万寿西宫,38,11,0,0.4,12,2,119,99,优,2015-09-18,16
60499,beijing,北京,48,东四,36,12,0,0.3,14,2,113,95,优,2015-09-18,16
60500,beijing,北京,48,农展馆,39,15,0,0.4,12,2,123,107,优,2015-09-18,16
60501,beijing,北京,48,古城,37,15,20,0.2,10,2,118,106,优,2015-09-18,16
60502,beijing,北京,48,天坛,31,14,0,0.3,33,3,97,72,优,2015-09-18,16
60503,beijing,北京,48,奥体中心,40,14,20,0.4,20,2,127,108,优,2015-09-18,16
60504,beijing,北京,48,官园,0,0,0,0,0,0,0,0,0,2015-09-18,16
60505,beijing,北京,48,定陵,39,12,0,0.3,10,2,122,102,优,2015-09-18,16
60506,beijing,北京,48,怀柔镇,35,0,0,0.3,2,2,110,94,优,2015-09-18,16
60507,beijing,北京,48,昌平镇,31,10,0,0.5,23,5,97,80,优,2015-09-18,16
60508,beijing,北京,48,海淀区万柳,35,12,0,0.3,7,3,110,85,优,2015-09-18,16
60509,beijing,北京,48,顺义新城,36,25,0,0.3,10,2,106,105,优,2015-09-18,16
61443,beijing,北京,52,万寿西宫,35,18,0,0.4,16,2,112,105,优,2015-09-18,17
61444,beijing,北京,52,东四,35,14,18,0.4,20,2,112,100,优,2015-09-18,17
61445,beijing,北京,52,农展馆,41,17,21,0.4,15,2,129,114,优,2015-09-18,17
61446,beijing,北京,52,古城,36,16,28,0.2,13,2,114,112,优,2015-09-18,17
61447,beijing,北京,52,天坛,29,15,0,0.3,38,3,92,80,优,2015-09-18,17
61448,beijing,北京,52,奥体中心,41,17,32,0.4,29,2,129,113,优,2015-09-18,17
61449,beijing,北京,52,官园,0,0,0,0,0,0,0,0,0,2015-09-18,17
61450,beijing,北京,52,定陵,38,7,12,0.2,12,2,120,107,优,2015-09-18,17
61451,beijing,北京,52,怀柔镇,37,17,0,0.3,4,2,116,101,优,2015-09-18,17
61452,beijing,北京,52,昌平镇,56,14,62,0.5,26,4,97,85,良,2015-09-18,17
61453,beijing,北京,52,海淀区万柳,32,13,29,0.3,12,3,102,94,优,2015-09-18,17
61454,beijing,北京,52,顺义新城,32,22,0,0.3,12,2,102,108,优,2015-09-18,17
62388,beijing,北京,54,万寿西宫,32,16,32,0.5,23,2,102,108,优,2015-09-18,18
62389,beijing,北京,54,东四,52,17,53,0.5,34,2,108,104,良,2015-09-18,18
62390,beijing,北京,54,农展馆,41,23,41,0.5,27,2,119,118,优,2015-09-18,18
62391,beijing,北京,54,古城,41,16,41,0.3,20,2,103,115,优,2015-09-18,18
62392,beijing,北京,54,天坛,44,19,44,0.4,49,4,83,84,优,2015-09-18,18
62393,beijing,北京,54,奥体中心,46,23,46,0.5,49,3,116,116,优,2015-09-18,18
62394,beijing,北京,54,官园,41,28,41,0.6,32,3,96,98,优,2015-09-18,18
62395,beijing,北京,54,定陵,54,6,58,0.3,14,2,97,109,良,2015-09-18,18
62396,beijing,北京,54,怀柔镇,33,9,33,0.3,8,2,102,104,优,2015-09-18,18
62397,beijing,北京,54,昌平镇,58,29,65,0.6,27,3,106,91,良,2015-09-18,18
62398,beijing,北京,54,海淀区万柳,29,13,26,0.4,18,3,90,97,优,2015-09-18,18
62399,beijing,北京,54,顺义新城,30,21,0,0.3,22,2,84,106,优,2015-09-18,18
63333,beijing,北京,57,万寿西宫,83,30,116,0.8,58,2,71,105,良,2015-09-18,19
63334,beijing,北京,57,东四,52,27,53,0.7,53,2,87,104,良,2015-09-18,19
63335,beijing,北京,57,农展馆,42,29,42,0.7,46,2,93,118,优,2015-09-18,19
63336,beijing,北京,57,古城,100,39,150,0.6,58,3,78,110,良,2015-09-18,19
63337,beijing,北京,57,天坛,52,21,54,0.5,57,4,79,86,良,2015-09-18,19
63338,beijing,北京,57,奥体中心,54,29,58,1,102,3,68,112,良,2015-09-18,19
63339,beijing,北京,57,官园,58,26,65,0.7,39,2,98,102,良,2015-09-18,19
63340,beijing,北京,57,定陵,35,16,35,0.3,15,2,69,106,优,2015-09-18,19
63341,beijing,北京,57,怀柔镇,51,25,51,0.5,11,2,86,101,良,2015-09-18,19
63342,beijing,北京,57,昌平镇,38,22,38,0.6,45,2,75,92,优,2015-09-18,19
63343,beijing,北京,57,海淀区万柳,56,22,61,0.6,61,2,59,97,良,2015-09-18,19
63344,beijing,北京,57,顺义新城,32,17,32,0.4,34,2,59,100,优,2015-09-18,19
64278,beijing,北京,64,万寿西宫,97,72,112,1.2,83,2,30,97,良,2015-09-18,20
64279,beijing,北京,64,东四,93,69,103,1.2,100,3,33,97,良,2015-09-18,20
64280,beijing,北京,64,农展馆,52,32,54,0.9,78,2,49,110,良,2015-09-18,20
64281,beijing,北京,64,古城,97,67,143,0.8,66,4,71,105,良,2015-09-18,20
64282,beijing,北京,64,天坛,55,34,59,0.6,55,3,34,83,良,2015-09-18,20
64283,beijing,北京,64,奥体中心,82,43,113,1.3,138,3,14,102,良,2015-09-18,20
64284,beijing,北京,64,官园,70,38,90,0.9,75,2,40,86,良,2015-09-18,20
64285,beijing,北京,64,定陵,20,14,20,0.3,17,2,62,101,优,2015-09-18,20
64286,beijing,北京,64,怀柔镇,29,20,23,0.5,9,2,76,96,优,2015-09-18,20
64287,beijing,北京,64,昌平镇,36,25,0,0.5,34,2,53,88,优,2015-09-18,20
64288,beijing,北京,64,海淀区万柳,64,33,78,1,104,2,15,87,良,2015-09-18,20
64289,beijing,北京,64,顺义新城,56,26,62,0.9,87,2,2,86,良,2015-09-18,20
65223,beijing,北京,71,万寿西宫,82,60,84,1.2,104,2,9,84,良,2015-09-18,21
65224,beijing,北京,71,东四,103,77,106,1.3,126,2,5,85,轻度污染,2015-09-18,21
65225,beijing,北京,71,农展馆,67,42,69,1.2,134,2,4,96,良,2015-09-18,21
65226,beijing,北京,71,古城,89,52,127,1,89,4,3,91,良,2015-09-18,21
65227,beijing,北京,71,天坛,55,36,59,0.8,76,3,5,73,良,2015-09-18,21
65228,beijing,北京,71,奥体中心,79,49,107,1.6,155,3,3,87,良,2015-09-18,21
65229,beijing,北京,71,官园,93,54,135,1.3,106,3,6,60,良,2015-09-18,21
65230,beijing,北京,71,定陵,24,10,24,0.3,23,2,47,94,优,2015-09-18,21
65231,beijing,北京,71,怀柔镇,22,13,0,0.4,6,2,69,93,优,2015-09-18,21
65232,beijing,北京,71,昌平镇,23,16,0,0.4,27,2,54,84,优,2015-09-18,21
65233,beijing,北京,71,海淀区万柳,69,42,88,1.2,120,2,2,75,良,2015-09-18,21
65234,beijing,北京,71,顺义新城,80,40,109,1.2,94,2,2,70,良,2015-09-18,21